USER,PID,%CPU,%MEM,VSZ,RSS,TTY,STAT,START,TIME,COMMAND
root,1,0.0,0.1,170256,13204,?,Ss,mai06,0:06,/usr/lib/systemd/systemd,splash,--system,--deserialize,51
root,2,0.0,0.0,0,0,?,S,mai06,0:00,[kthreadd]
root,3,0.0,0.0,0,0,?,I<,mai06,0:00,[rcu_gp]
root,4,0.0,0.0,0,0,?,I<,mai06,0:00,[rcu_par_gp]
root,5,0.0,0.0,0,0,?,I<,mai06,0:00,[slub_flushwq]
root,6,0.0,0.0,0,0,?,I<,mai06,0:00,[netns]
root,8,0.0,0.0,0,0,?,I<,mai06,0:00,[kworker/0:0H-events_highpri]
root,10,0.0,0.0,0,0,?,I<,mai06,0:00,[mm_percpu_wq]
root,12,0.0,0.0,0,0,?,S,mai06,0:00,[rcu_tasks_kthre]
root,13,0.0,0.0,0,0,?,S,mai06,0:00,[rcu_tasks_rude_]
root,14,0.0,0.0,0,0,?,S,mai06,0:00,[rcu_tasks_trace]
root,15,0.0,0.0,0,0,?,S,mai06,0:17,[ksoftirqd/0]
root,16,0.0,0.0,0,0,?,I,mai06,0:15,[rcu_preempt]
root,17,0.0,0.0,0,0,?,S,mai06,0:00,[rcub/0]
root,18,0.0,0.0,0,0,?,S,mai06,0:00,[rcuc/0]
root,19,0.0,0.0,0,0,?,S,mai06,0:00,[migration/0]
root,20,0.0,0.0,0,0,?,S,mai06,0:00,[idle_inject/0]
root,22,0.0,0.0,0,0,?,S,mai06,0:00,[cpuhp/0]
root,23,0.0,0.0,0,0,?,S,mai06,0:00,[cpuhp/1]
root,24,0.0,0.0,0,0,?,S,mai06,0:00,[idle_inject/1]
root,25,0.0,0.0,0,0,?,S,mai06,0:00,[migration/1]
root,26,0.0,0.0,0,0,?,S,mai06,0:00,[rcuc/1]
root,27,0.0,0.0,0,0,?,S,mai06,0:06,[ksoftirqd/1]
root,29,0.0,0.0,0,0,?,I<,mai06,0:00,[kworker/1:0H-events_highpri]
root,30,0.0,0.0,0,0,?,S,mai06,0:00,[cpuhp/2]
root,31,0.0,0.0,0,0,?,S,mai06,0:00,[idle_inject/2]
root,32,0.0,0.0,0,0,?,S,mai06,0:00,[migration/2]
root,33,0.0,0.0,0,0,?,S,mai06,0:00,[rcuc/2]
root,34,0.0,0.0,0,0,?,S,mai06,0:06,[ksoftirqd/2]
root,36,0.0,0.0,0,0,?,I<,mai06,0:00,[kworker/2:0H-events_highpri]
root,37,0.0,0.0,0,0,?,S,mai06,0:00,[cpuhp/3]
root,38,0.0,0.0,0,0,?,S,mai06,0:00,[idle_inject/3]
root,39,0.0,0.0,0,0,?,S,mai06,0:00,[migration/3]
root,40,0.0,0.0,0,0,?,S,mai06,0:00,[rcuc/3]
root,41,0.0,0.0,0,0,?,S,mai06,0:06,[ksoftirqd/3]
root,43,0.0,0.0,0,0,?,I<,mai06,0:00,[kworker/3:0H-events_highpri]
root,44,0.0,0.0,0,0,?,S,mai06,0:00,[kdevtmpfs]
root,45,0.0,0.0,0,0,?,I<,mai06,0:00,[inet_frag_wq]
root,46,0.0,0.0,0,0,?,S,mai06,0:00,[kauditd]
root,48,0.0,0.0,0,0,?,S,mai06,0:00,[khungtaskd]
root,49,0.0,0.0,0,0,?,S,mai06,0:00,[oom_reaper]
root,50,0.0,0.0,0,0,?,I<,mai06,0:00,[writeback]
root,51,0.0,0.0,0,0,?,S,mai06,0:26,[kcompactd0]
root,52,0.0,0.0,0,0,?,SN,mai06,0:00,[ksmd]
root,53,0.0,0.0,0,0,?,SN,mai06,0:00,[khugepaged]
root,98,0.0,0.0,0,0,?,I<,mai06,0:00,[kintegrityd]
root,99,0.0,0.0,0,0,?,I<,mai06,0:00,[kblockd]
root,100,0.0,0.0,0,0,?,I<,mai06,0:00,[blkcg_punt_bio]
root,101,0.0,0.0,0,0,?,I<,mai06,0:00,[ata_sff]
root,102,0.0,0.0,0,0,?,I<,mai06,0:00,[edac-poller]
root,103,0.0,0.0,0,0,?,I<,mai06,0:00,[devfreq_wq]
root,105,0.0,0.0,0,0,?,S,mai06,0:00,[watchdogd]
root,106,0.0,0.0,0,0,?,I<,mai06,0:02,[kworker/0:1H-events_highpri]
root,107,0.0,0.0,0,0,?,S,mai06,0:11,[kswapd0]
root,109,0.0,0.0,0,0,?,I<,mai06,0:00,[kthrotld]
root,110,0.0,0.0,0,0,?,S,mai06,0:00,[irq/122-aerdrv]
root,111,0.0,0.0,0,0,?,S,mai06,0:00,[irq/123-aerdrv]
root,114,0.0,0.0,0,0,?,I<,mai06,0:00,[acpi_thermal_pm]
root,115,0.0,0.0,0,0,?,I<,mai06,0:00,[nvme-wq]
root,116,0.0,0.0,0,0,?,I<,mai06,0:00,[nvme-reset-wq]
root,117,0.0,0.0,0,0,?,I<,mai06,0:00,[nvme-delete-wq]
root,118,0.0,0.0,0,0,?,S,mai06,0:00,[scsi_eh_0]
root,119,0.0,0.0,0,0,?,I<,mai06,0:00,[scsi_tmf_0]
root,120,0.0,0.0,0,0,?,S,mai06,0:00,[scsi_eh_1]
root,121,0.0,0.0,0,0,?,I<,mai06,0:00,[scsi_tmf_1]
root,124,0.0,0.0,0,0,?,I<,mai06,0:00,[mld]
root,125,0.0,0.0,0,0,?,I<,mai06,0:02,[kworker/3:1H-events_highpri]
root,126,0.0,0.0,0,0,?,I<,mai06,0:00,[ipv6_addrconf]
root,136,0.0,0.0,0,0,?,I<,mai06,0:00,[kstrp]
root,137,0.0,0.0,0,0,?,I<,mai06,0:00,[zswap1]
root,138,0.0,0.0,0,0,?,I<,mai06,0:00,[zswap1]
root,139,0.0,0.0,0,0,?,I<,mai06,0:00,[zswap-shrink]
root,140,0.0,0.0,0,0,?,I<,mai06,0:31,[kworker/u9:0-i915_flip]
root,141,0.0,0.0,0,0,?,I<,mai06,0:00,[charger_manager]
root,165,0.0,0.0,0,0,?,I<,mai06,0:03,[kworker/1:1H-events_highpri]
root,192,0.0,0.0,0,0,?,I<,mai06,0:02,[kworker/2:1H-events_highpri]
root,204,0.0,0.0,0,0,?,S,mai06,0:05,[jbd2/sda2-8]
root,205,0.0,0.0,0,0,?,I<,mai06,0:00,[ext4-rsv-conver]
root,264,0.0,0.0,0,0,?,I<,mai06,0:00,[kmpathd]
root,265,0.0,0.0,0,0,?,I<,mai06,0:00,[kmpath_handlerd]
root,280,0.0,0.3,68112,30832,?,Ss,mai06,0:12,/usr/lib/systemd/systemd-journald
root,281,0.0,0.1,32044,9812,?,Ss,mai06,0:01,/usr/lib/systemd/systemd-udevd
root,371,0.0,0.0,0,0,?,S,mai06,0:22,[irq/51-DELL078B]
root,388,0.0,0.0,0,0,?,I<,mai06,0:00,[cryptd]
root,394,0.0,0.0,0,0,?,I<,mai06,0:00,[cfg80211]
root,417,0.0,0.0,0,0,?,S,mai06,0:00,[card0-crtc0]
root,418,0.0,0.0,0,0,?,S,mai06,0:00,[card0-crtc1]
root,419,0.0,0.0,0,0,?,S,mai06,0:00,[card0-crtc2]
root,422,0.0,0.0,0,0,?,S,mai06,0:17,[irq/128-i2c_hid]
root,424,0.0,0.0,0,0,?,I<,mai06,0:00,[kmemstick]
dbus,473,0.0,0.0,11332,6992,?,Ss,mai06,0:14,/usr/bin/dbus-daemon,--system,--address=systemd:,--nofork,--nopidfile,--systemd-activation,--syslog-only
polkitd,475,0.0,0.1,240192,10576,?,Ssl,mai06,0:06,/usr/lib/polkit-1/polkitd,--no-debug
root,477,0.0,0.1,50404,8548,?,Ss,mai06,0:01,/usr/lib/systemd/systemd-logind
root,501,0.0,0.2,334404,17076,?,Ssl,mai06,0:09,/usr/bin/NetworkManager,--no-daemon
root,514,0.0,0.1,243216,9480,?,Ssl,mai06,0:00,/usr/bin/ModemManager
root,534,0.0,0.0,11824,5304,?,Ss,mai06,0:00,/usr/lib/bluetooth/bluetoothd
root,539,0.0,0.0,26812,7696,?,Ss,mai06,0:00,/usr/bin/cupsd,-l
root,543,0.0,0.1,238644,8444,?,Ssl,mai06,0:00,/usr/bin/gdm
root,587,0.0,0.0,237412,7072,?,Ssl,mai06,0:00,/usr/lib/accounts-daemon
root,627,0.0,0.1,17308,8996,?,Ss,mai06,0:00,/usr/bin/wpa_supplicant,-u,-s,-O,/run/wpa_supplicant
root,723,0.0,0.1,244072,8828,?,Ssl,mai06,0:16,/usr/lib/upowerd
root,731,0.0,0.0,235848,5800,?,Ssl,mai06,0:00,/usr/lib/power-profiles-daemon
rtkit,740,0.0,0.0,22796,1272,?,SNsl,mai06,0:00,/usr/lib/rtkit-daemon
colord,760,0.0,0.1,243860,13524,?,Ssl,mai06,0:00,/usr/lib/colord
root,1385,0.0,0.1,394080,12364,?,Ssl,mai06,0:04,/usr/lib/udisks2/udisksd
root,1399,0.0,0.0,0,0,?,S<,mai06,0:00,[krfcommd]
root,13293,0.0,0.0,0,0,?,I<,mai06,0:00,[kworker/u9:1-hci0]
root,29931,0.0,0.0,0,0,?,S,15:28,0:00,[irq/126-mei_me]
root,29974,0.0,0.0,0,0,?,S,15:28,0:00,[ath9k-hwrng]
root,48684,0.0,0.1,388460,11416,?,Sl,19:11,0:00,gdm-session-worker,[pam/gdm-password]
henrique,48698,0.0,0.1,20804,12576,?,Ss,19:11,0:00,/usr/lib/systemd/systemd,--user
henrique,48701,0.0,0.0,173664,4952,?,S,19:11,0:00,(sd-pam)
henrique,48712,0.0,0.1,312524,9848,?,SLsl,19:11,0:00,/usr/bin/gnome-keyring-daemon,--foreground,--components=pkcs11,secrets,--control-directory=/run/user/1000/keyring
henrique,48719,0.0,0.0,10180,6460,?,Ss,19:11,0:02,/usr/bin/dbus-daemon,--session,--address=systemd:,--nofork,--nopidfile,--systemd-activation,--syslog-only
henrique,48725,0.0,0.0,231856,5524,tty2,Ssl+,19:11,0:00,/usr/lib/gdm-wayland-session,/usr/bin/gnome-session
henrique,48731,0.0,0.2,371648,16232,tty2,Sl+,19:11,0:00,/usr/lib/gnome-session-binary
henrique,48775,0.0,0.0,87816,4888,?,Ssl,19:11,0:00,/usr/lib/gnome-session-ctl,--monitor
henrique,48777,0.0,0.2,593664,17892,?,Ssl,19:11,0:00,/usr/lib/gnome-session-binary,--systemd-service,--session=gnome
henrique,48792,4.2,3.6,5393572,292756,?,Rsl,19:11,4:12,/usr/bin/gnome-shell
henrique,48858,0.0,0.1,315392,9236,?,Ssl,19:11,0:00,/usr/lib/gvfsd
henrique,48864,0.0,0.0,452872,6044,?,Sl,19:11,0:00,/usr/lib/gvfsd-fuse,/run/user/1000/gvfs,-f
henrique,48874,0.0,0.0,381876,7400,?,Ssl,19:11,0:00,/usr/lib/at-spi-bus-launcher
henrique,48881,0.0,0.0,8472,4768,?,S,19:11,0:00,/usr/bin/dbus-daemon,--config-file=/usr/share/defaults/at-spi2/accessibility.conf,--nofork,--print-address,12,--address=unix:path=/run/user/1000/at-spi/bus
henrique,48897,0.0,0.0,305612,5064,?,Ssl,19:11,0:00,/usr/lib/xdg-permission-store
henrique,48899,0.0,0.2,659932,18688,?,Sl,19:11,0:00,/usr/lib/gnome-shell-calendar-server
henrique,48908,0.0,0.4,1820264,33376,?,S<sl,19:11,0:01,/usr/bin/pulseaudio,--daemonize=no,--log-target=journal
henrique,48911,0.0,0.0,229136,5324,?,Ssl,19:11,0:00,/usr/lib/dconf-service
henrique,48920,0.0,0.1,431820,14060,?,Ssl,19:11,0:00,/usr/lib/gvfs-udisks2-volume-monitor
henrique,48936,0.0,0.5,1395800,45116,?,Ssl,19:11,0:00,/usr/lib/evolution-source-registry
henrique,48939,0.0,0.0,307908,6228,?,Ssl,19:11,0:00,/usr/lib/gvfs-gphoto2-volume-monitor
henrique,48951,0.0,0.0,305840,5992,?,Ssl,19:11,0:00,/usr/lib/gvfs-goa-volume-monitor
henrique,48957,0.0,0.4,783272,38408,?,Sl,19:11,0:00,/usr/lib/goa-daemon
henrique,48958,0.0,0.0,311620,7808,?,Sl,19:11,0:00,/usr/lib/pulse/gsettings-helper
henrique,48971,0.0,0.1,384976,8724,?,Sl,19:11,0:00,/usr/lib/goa-identity-service
henrique,48978,0.0,0.1,390324,8272,?,Ssl,19:11,0:00,/usr/lib/gvfs-afc-volume-monitor
henrique,48985,0.0,0.0,306016,5252,?,Ssl,19:11,0:00,/usr/lib/gvfs-mtp-volume-monitor
henrique,48993,0.0,0.3,890460,24364,?,Ssl,19:11,0:00,/usr/lib/evolution-calendar-factory
henrique,49005,0.0,0.3,815988,27144,?,Ssl,19:11,0:00,/usr/lib/evolution-addressbook-factory
henrique,49027,0.0,0.3,2726020,26252,?,Sl,19:11,0:00,/usr/bin/gjs,/usr/share/gnome-shell/org.gnome.Shell.Notifications
henrique,49035,0.0,0.0,234892,6296,?,Sl,19:11,0:00,/usr/lib/at-spi2-registryd,--use-gnome-session
henrique,49042,0.0,0.1,385028,11664,?,Ssl,19:11,0:01,/usr/bin/ibus-daemon,--panel,disable
henrique,49043,0.0,0.0,379800,6240,?,Ssl,19:11,0:00,/usr/lib/gsd-a11y-settings
henrique,49044,0.0,0.3,453720,25708,?,Ssl,19:11,0:00,/usr/lib/gsd-color
henrique,49048,0.0,0.1,429108,11660,?,Ssl,19:11,0:00,/usr/lib/gsd-datetime
henrique,49049,0.0,0.0,531552,7748,?,Ssl,19:11,0:00,/usr/lib/gsd-housekeeping
henrique,49051,0.0,0.3,452524,24112,?,Ssl,19:11,0:00,/usr/lib/gsd-keyboard
henrique,49053,0.0,0.3,941432,28012,?,Ssl,19:11,0:00,/usr/lib/gsd-media-keys
henrique,49056,0.0,0.3,867708,29248,?,Ssl,19:11,0:00,/usr/lib/gsd-power
henrique,49057,0.0,0.1,394404,11036,?,Ssl,19:11,0:00,/usr/lib/gsd-print-notifications
henrique,49059,0.0,0.0,527212,6196,?,Ssl,19:11,0:00,/usr/lib/gsd-rfkill
henrique,49061,0.0,0.0,305740,4656,?,Ssl,19:11,0:00,/usr/lib/gsd-screensaver-proxy
henrique,49062,0.0,0.1,531148,8196,?,Ssl,19:11,0:00,/usr/lib/gsd-sharing
henrique,49066,0.0,0.0,458820,7816,?,Ssl,19:11,0:00,/usr/lib/gsd-smartcard
henrique,49070,0.0,0.1,389308,8944,?,Ssl,19:11,0:00,/usr/lib/gsd-sound
henrique,49073,0.0,0.0,530960,7132,?,Ssl,19:11,0:00,/usr/lib/gsd-usb-protection
henrique,49077,0.0,0.3,526572,25192,?,Ssl,19:11,0:00,/usr/lib/gsd-wacom
henrique,49111,0.0,0.3,2726148,26224,?,Sl,19:11,0:00,/usr/bin/gjs,/usr/share/gnome-shell/org.gnome.ScreenSaver
henrique,49115,0.0,0.1,451584,15708,?,Sl,19:11,0:00,/usr/lib/gsd-printer
henrique,49186,0.0,0.8,1025364,67132,?,Sl,19:11,0:00,/usr/lib/evolution-data-server/evolution-alarm-notify
henrique,49189,0.0,0.1,229036,15908,?,Sl,19:11,0:00,/usr/bin/touchegg
henrique,49200,0.0,0.0,306736,6656,?,Sl,19:11,0:00,/usr/lib/gsd-disk-utility-notify
henrique,49215,1.5,1.1,789292,93088,?,Sl,19:11,1:34,/usr/bin/Xwayland,:0,-rootless,-noreset,-accessx,-core,-auth,/run/user/1000/.mutter-Xwaylandauth.LA4L41,-listenfd,4,-listenfd,5,-displayfd,6,-initfd,7
henrique,49289,0.0,0.0,306644,6736,?,Sl,19:11,0:00,/usr/lib/ibus/ibus-dconf
henrique,49290,0.0,0.3,459184,31172,?,Sl,19:11,0:02,/usr/lib/ibus/ibus-extension-gtk3
henrique,49305,0.0,0.0,306588,6336,?,Sl,19:11,0:00,/usr/lib/ibus/ibus-portal
henrique,49349,0.0,0.0,232940,5888,?,Sl,19:11,0:00,/usr/lib/ibus/ibus-engine-simple
henrique,49354,0.0,0.9,912140,74940,?,Ssl,19:11,0:00,/usr/lib/gsd-xsettings
henrique,49381,0.0,0.3,304992,28688,?,Sl,19:11,0:00,/usr/lib/ibus/ibus-x11
henrique,49427,0.0,0.8,1082000,64884,?,Sl,19:11,0:00,/usr/bin/gnome-calendar,--gapplication-service
henrique,49433,0.0,0.7,493516,61400,?,Sl,19:11,0:00,python3,/usr/lib/lollypop/lollypop-sp
henrique,49504,0.0,0.1,389596,9324,?,Sl,19:11,0:00,/usr/lib/gvfsd-trash,--spawner,:1.16,/org/gtk/gvfs/exec_spaw/0
henrique,49522,0.0,0.0,49000,7564,?,Ss,19:11,0:00,/usr/lib/bluetooth/obexd
henrique,49536,0.0,0.1,694812,13868,?,Ssl,19:11,0:01,/usr/lib/xdg-desktop-portal
henrique,49541,0.0,0.0,681348,6808,?,Ssl,19:11,0:00,/usr/lib/xdg-document-portal
root,49547,0.0,0.0,2508,948,?,Ss,19:11,0:00,fusermount3,-o,rw,nosuid,nodev,fsname=portal,auto_unmount,subtype=portal,--,/run/user/1000/doc
henrique,49553,0.0,0.6,604732,49984,?,Ssl,19:11,0:01,/usr/lib/xdg-desktop-portal-gnome
henrique,49576,0.0,0.3,457812,29940,?,Ssl,19:11,0:00,/usr/lib/xdg-desktop-portal-gtk
henrique,49590,0.0,0.0,40408,7916,?,S<sl,19:11,0:00,/usr/bin/pipewire
henrique,49591,0.0,0.0,19016,6588,?,Ssl,19:11,0:00,/usr/bin/pipewire-media-session
henrique,49607,1.6,1.8,21496500,150760,?,RLsl,19:11,1:35,/opt/visual-studio-code/code,--unity-launch,--enable-crashpad
henrique,49610,0.0,0.5,17012024,44712,?,S,19:11,0:00,/opt/visual-studio-code/code,--type=zygote,--no-zygote-sandbox,--enable-crashpad,--enable-crashpad
henrique,49611,0.0,0.5,17012024,44736,?,S,19:11,0:00,/opt/visual-studio-code/code,--type=zygote,--enable-crashpad,--enable-crashpad
henrique,49624,0.0,0.0,17012024,7800,?,S,19:11,0:00,/opt/visual-studio-code/code,--type=zygote,--enable-crashpad,--enable-crashpad
henrique,49632,0.0,0.3,769624,27620,?,SNsl,19:11,0:02,/usr/lib/tracker-miner-fs-3
henrique,49669,0.0,0.0,16798216,2840,?,Sl,19:11,0:00,/opt/visual-studio-code/chrome_crashpad_handler,--monitor-self-annotation=ptype=crashpad-handler,--no-rate-limit,--database=/home/henrique/.config/Code/Crashpad,--url=appcenter://code?aid=fba07a4d-84bd-4fc8-a125-9640fc8ce171&uid=6d8de412-ca06-40d1-9bbe-52db370d94df&iid=6d8de412-ca06-40d1-9bbe-52db370d94df&sid=6d8de412-ca06-40d1-9bbe-52db370d94df,--annotation=_companyName=Microsoft,--annotation=_productName=VSCode,--annotation=_version=1.66.2,--annotation=prod=Electron,--annotation=ver=17.2.0,--initial-client-fd=43,--shared-client-connection
henrique,49687,3.9,1.6,17451288,128700,?,Sl,19:11,3:53,/opt/visual-studio-code/code,--type=gpu-process,--disable-color-correct-rendering,--enable-crashpad,--crashpad-handler-pid=49669,--enable-crash-reporter=d6976a19-9329-461e-a1d0-48f332532cf8,no_channel,--user-data-dir=/home/henrique/.config/Code,--gpu-preferences=UAAAAAAAAAAgAAAIAAAAAAAAAAAAAAAAAABgAAAAAAAwAAAAAAAAAAAAAAAAAAAAAAAAAAAAAAAAAAAAAQAAABgAAAAAAAAAGAAAAAAAAAAIAAAAAAAAAAgAAAAAAAAACAAAAAAAAAA=,--shared-files,--field-trial-handle=0,15648124573300939790,8519725683812210633,131072,--disable-features=PlzServiceWorker,SpareRendererForSitePerProcess
henrique,49712,0.0,0.7,17062092,61100,?,Sl,19:11,0:00,/opt/visual-studio-code/code,--type=utility,--utility-sub-type=network.mojom.NetworkService,--lang=en-US,--service-sandbox-type=none,--enable-crashpad,--crashpad-handler-pid=49669,--enable-crash-reporter=d6976a19-9329-461e-a1d0-48f332532cf8,no_channel,--user-data-dir=/home/henrique/.config/Code,--standard-schemes=vscode-webview,vscode-file,--secure-schemes=vscode-webview,vscode-file,--bypasscsp-schemes,--cors-schemes=vscode-webview,vscode-file,--fetch-schemes=vscode-webview,vscode-file,--service-worker-schemes=vscode-webview,--streaming-schemes,--shared-files=v8_context_snapshot_data:100,--field-trial-handle=0,15648124573300939790,8519725683812210633,131072,--disable-features=PlzServiceWorker,SpareRendererForSitePerProcess,--enable-crashpad
henrique,49727,11.2,5.2,40253768,419140,?,Sl,19:11,10:59,/opt/visual-studio-code/code,--type=renderer,--enable-crashpad,--crashpad-handler-pid=49669,--enable-crash-reporter=d6976a19-9329-461e-a1d0-48f332532cf8,no_channel,--user-data-dir=/home/henrique/.config/Code,--standard-schemes=vscode-webview,vscode-file,--secure-schemes=vscode-webview,vscode-file,--bypasscsp-schemes,--cors-schemes=vscode-webview,vscode-file,--fetch-schemes=vscode-webview,vscode-file,--service-worker-schemes=vscode-webview,--streaming-schemes,--app-path=/opt/visual-studio-code/resources/app,--no-sandbox,--no-zygote,--enable-blink-features=HighlightAPI,--disable-color-correct-rendering,--lang=en-US,--num-raster-threads=2,--enable-main-frame-before-activation,--renderer-client-id=4,--launch-time-ticks=27879544928,--shared-files=v8_context_snapshot_data:100,--field-trial-handle=0,15648124573300939790,8519725683812210633,131072,--disable-features=PlzServiceWorker,SpareRendererForSitePerProcess,--vscode-window-config=vscode:25b64ccf-831f-4fa4-a4de-764647ff07f3,--enable-crashpad
henrique,49775,0.3,1.6,29744440,135760,?,Sl,19:11,0:21,/opt/visual-studio-code/code,--type=renderer,--enable-crashpad,--crashpad-handler-pid=49669,--enable-crash-reporter=d6976a19-9329-461e-a1d0-48f332532cf8,no_channel,--user-data-dir=/home/henrique/.config/Code,--standard-schemes=vscode-webview,vscode-file,--secure-schemes=vscode-webview,vscode-file,--bypasscsp-schemes,--cors-schemes=vscode-webview,vscode-file,--fetch-schemes=vscode-webview,vscode-file,--service-worker-schemes=vscode-webview,--streaming-schemes,--app-path=/opt/visual-studio-code/resources/app,--no-sandbox,--no-zygote,--node-integration-in-worker,--disable-color-correct-rendering,--lang=en-US,--num-raster-threads=2,--enable-main-frame-before-activation,--renderer-client-id=5,--launch-time-ticks=27889354430,--shared-files=v8_context_snapshot_data:100,--field-trial-handle=0,15648124573300939790,8519725683812210633,131072,--disable-features=PlzServiceWorker,SpareRendererForSitePerProcess,--vscode-window-config=vscode:812578b7-f804-4f0a-8d4c-5b826aecf16d,--vscode-window-kind=shared-process,--enable-crashpad
henrique,49787,1.2,1.4,21289644,117904,?,Sl,19:11,1:13,/opt/visual-studio-code/code,--ms-enable-electron-run-as-node,--inspect-port=0,/opt/visual-studio-code/resources/app/out/bootstrap-fork,--type=extensionHost,--skipWorkspaceStorageLock
henrique,49803,0.4,1.0,21296620,83288,?,Sl,19:11,0:26,/opt/visual-studio-code/code,--ms-enable-electron-run-as-node,/opt/visual-studio-code/resources/app/out/bootstrap-fork,--type=ptyHost
henrique,49816,0.0,0.0,232692,5916,?,Ssl,19:11,0:00,/usr/lib/gvfsd-metadata
henrique,49832,0.0,0.8,21297024,71220,?,Sl,19:12,0:05,/opt/visual-studio-code/code,--ms-enable-electron-run-as-node,/opt/visual-studio-code/resources/app/out/bootstrap-fork,--type=fileWatcher
henrique,49901,0.0,0.1,12876,9276,pts/0,Ss,19:12,0:01,/usr/bin/zsh
henrique,49907,0.0,0.0,10392,4240,pts/0,S,19:12,0:00,/usr/bin/zsh
henrique,49915,0.0,0.0,11660,4692,pts/0,S,19:12,0:00,/usr/bin/zsh
henrique,49917,0.0,0.0,11644,3336,pts/0,S,19:12,0:00,/usr/bin/zsh
henrique,49918,0.0,0.0,531132,4352,pts/0,Sl,19:12,0:00,/usr/share/zsh-theme-powerlevel10k/gitstatus/usrbin/gitstatusd,-G,v1.5.4,-s,-1,-u,-1,-d,-1,-c,-1,-m,-1,-v,FATAL,-t,8
henrique,50007,0.0,0.1,322216,10332,?,Sl,19:12,0:00,/usr/lib/gvfsd-http,--spawner,:1.16,/org/gtk/gvfs/exec_spaw/1
henrique,51012,0.1,0.7,719320,60844,?,Ssl,19:16,0:06,/usr/lib/gnome-terminal-server
henrique,51035,0.0,0.1,12616,8972,pts/1,Ss+,19:16,0:04,zsh
henrique,51045,0.0,0.0,10392,4292,pts/1,S,19:16,0:00,zsh
henrique,51053,0.0,0.0,11648,4644,pts/1,S,19:16,0:00,zsh
henrique,51054,0.0,0.0,11632,3352,pts/1,S,19:16,0:00,zsh
henrique,51056,0.0,0.0,72184,1996,pts/1,Sl,19:16,0:00,/usr/share/zsh-theme-powerlevel10k/gitstatus/usrbin/gitstatusd,-G,v1.5.4,-s,-1,-u,-1,-d,-1,-c,-1,-m,-1,-v,FATAL,-t,8
root,52111,0.0,0.0,0,0,?,I,19:22,0:01,[kworker/2:1-events]
root,57291,0.0,0.0,0,0,?,I,19:35,0:01,[kworker/3:1-events]
root,65892,0.0,0.0,0,0,?,I,19:55,0:01,[kworker/u8:0-i915]
root,76942,0.0,0.0,0,0,?,I,20:20,0:01,[kworker/u8:2-i915]
root,82060,0.1,0.0,0,0,?,I,20:28,0:01,[kworker/0:1-events]
root,82720,0.0,0.0,0,0,?,I,20:30,0:00,[kworker/u8:3-phy0]
root,82740,0.0,0.0,0,0,?,I,20:30,0:00,[kworker/1:1-events]
henrique,82741,4.7,1.8,1116064,148572,pts/0,Sl+,20:30,0:55,/usr/bin/python,/home/henrique/.local/bin/streamlit,run,streamlit_app.py
henrique,82771,3.6,4.3,34214924,351092,pts/0,SLl+,20:30,0:42,/usr/lib/brave-browser/brave,http://localhost:8501
henrique,82775,0.0,0.0,33576864,3364,?,Sl,20:30,0:00,/usr/lib/brave-browser/chrome_crashpad_handler,--monitor-self,--monitor-self-annotation=ptype=crashpad-handler,--database=/home/henrique/.config/BraveSoftware/Brave-Browser/Crash,Reports,--metrics-dir=/home/henrique/.config/BraveSoftware/Brave-Browser,--url=https://cr.brave.com,--annotation=lsb-release=Manjaro,Linux,--annotation=plat=Linux,--annotation=prod=Chrome_Linux,--annotation=ver=112.1.50.125,--initial-client-fd=5,--shared-client-connection
henrique,82777,0.0,0.0,33567628,1528,?,Sl,20:30,0:00,/usr/lib/brave-browser/chrome_crashpad_handler,--no-periodic-tasks,--monitor-self-annotation=ptype=crashpad-handler,--database=/home/henrique/.config/BraveSoftware/Brave-Browser/Crash,Reports,--url=https://cr.brave.com,--annotation=lsb-release=Manjaro,Linux,--annotation=plat=Linux,--annotation=prod=Chrome_Linux,--annotation=ver=112.1.50.125,--initial-client-fd=4,--shared-client-connection
henrique,82783,0.0,0.8,33887376,69108,pts/0,S+,20:30,0:00,/usr/lib/brave-browser/brave,--type=zygote,--no-zygote-sandbox,--crashpad-handler-pid=82775,--enable-crash-reporter=1277b47a-c4fe-44ec-818a-86339476b9d1,,--change-stack-guard-on-fork=enable
henrique,82784,0.0,0.8,33887364,67888,pts/0,S+,20:30,0:00,/usr/lib/brave-browser/brave,--type=zygote,--crashpad-handler-pid=82775,--enable-crash-reporter=1277b47a-c4fe-44ec-818a-86339476b9d1,,--change-stack-guard-on-fork=enable
henrique,82786,0.0,0.2,33887392,17236,pts/0,S+,20:30,0:00,/usr/lib/brave-browser/brave,--type=zygote,--crashpad-handler-pid=82775,--enable-crash-reporter=1277b47a-c4fe-44ec-818a-86339476b9d1,,--change-stack-guard-on-fork=enable
henrique,82810,3.6,2.3,34377884,191668,pts/0,Sl+,20:30,0:43,/usr/lib/brave-browser/brave,--type=gpu-process,--crashpad-handler-pid=82775,--enable-crash-reporter=1277b47a-c4fe-44ec-818a-86339476b9d1,,--change-stack-guard-on-fork=enable,--gpu-preferences=WAAAAAAAAAAgAAAIAAAAAAAAAAAAAAAAAABgAAAAAAA4AAAAAAAAAAAAAAAAAAAAAAAAAAAAAAAAAAAAAAAAACAAAAAAAAAAIAAAAAAAAAABAAAAAAAAAAgAAAAAAAAACAAAAAAAAAAIAAAAAAAAAA==,--shared-files,--field-trial-handle=0,i,17868745741873187594,841660748455472126,131072
henrique,82811,0.7,1.5,33954224,120784,pts/0,Sl+,20:30,0:09,/usr/lib/brave-browser/brave,--type=utility,--utility-sub-type=network.mojom.NetworkService,--lang=en-US,--service-sandbox-type=none,--crashpad-handler-pid=82775,--enable-crash-reporter=1277b47a-c4fe-44ec-818a-86339476b9d1,,--change-stack-guard-on-fork=enable,--shared-files=v8_context_snapshot_data:100,--field-trial-handle=0,i,17868745741873187594,841660748455472126,131072
henrique,82840,0.0,0.7,33938632,56692,pts/0,Sl+,20:30,0:00,/usr/lib/brave-browser/brave,--type=utility,--utility-sub-type=storage.mojom.StorageService,--lang=en-US,--service-sandbox-type=utility,--crashpad-handler-pid=82775,--enable-crash-reporter=1277b47a-c4fe-44ec-818a-86339476b9d1,,--change-stack-guard-on-fork=enable,--shared-files=v8_context_snapshot_data:100,--field-trial-handle=0,i,17868745741873187594,841660748455472126,131072
henrique,82854,7.5,2.4,1185864100,198672,pts/0,Rl+,20:30,1:29,/usr/lib/brave-browser/brave,--type=renderer,--crashpad-handler-pid=82775,--enable-crash-reporter=1277b47a-c4fe-44ec-818a-86339476b9d1,,--origin-trial-public-key=bYUKPJoPnCxeNvu72j4EmPuK7tr1PAC7SHh8ld9Mw3E=,fMS4mpO6buLQ/QMd+zJmxzty/VQ6B1EUZqoCU04zoRU=,--change-stack-guard-on-fork=enable,--brave_session_token=5652442192855964522,--first-renderer-process,--lang=en-US,--num-raster-threads=2,--enable-main-frame-before-activation,--renderer-client-id=6,--time-ticks-at-unix-epoch=-1683469627030002,--launch-time-ticks=32582085555,--shared-files=v8_context_snapshot_data:100,--field-trial-handle=0,i,17868745741873187594,841660748455472126,131072
henrique,82859,0.0,1.3,1185857848,108460,pts/0,Sl+,20:30,0:00,/usr/lib/brave-browser/brave,--type=renderer,--crashpad-handler-pid=82775,--enable-crash-reporter=1277b47a-c4fe-44ec-818a-86339476b9d1,,--extension-process,--origin-trial-public-key=bYUKPJoPnCxeNvu72j4EmPuK7tr1PAC7SHh8ld9Mw3E=,fMS4mpO6buLQ/QMd+zJmxzty/VQ6B1EUZqoCU04zoRU=,--change-stack-guard-on-fork=enable,--brave_session_token=5652442192855964522,--lang=en-US,--num-raster-threads=2,--enable-main-frame-before-activation,--renderer-client-id=5,--time-ticks-at-unix-epoch=-1683469627030002,--launch-time-ticks=32582100876,--shared-files=v8_context_snapshot_data:100,--field-trial-handle=0,i,17868745741873187594,841660748455472126,131072
henrique,82880,0.4,1.5,1185849916,122816,pts/0,Sl+,20:30,0:05,/usr/lib/brave-browser/brave,--type=renderer,--crashpad-handler-pid=82775,--enable-crash-reporter=1277b47a-c4fe-44ec-818a-86339476b9d1,,--origin-trial-public-key=bYUKPJoPnCxeNvu72j4EmPuK7tr1PAC7SHh8ld9Mw3E=,fMS4mpO6buLQ/QMd+zJmxzty/VQ6B1EUZqoCU04zoRU=,--change-stack-guard-on-fork=enable,--brave_session_token=5652442192855964522,--lang=en-US,--num-raster-threads=2,--enable-main-frame-before-activation,--renderer-client-id=14,--time-ticks-at-unix-epoch=-1683469627030002,--launch-time-ticks=32582332022,--shared-files=v8_context_snapshot_data:100,--field-trial-handle=0,i,17868745741873187594,841660748455472126,131072
henrique,83012,0.0,1.6,1185863348,129368,pts/0,Sl+,20:30,0:00,/usr/lib/brave-browser/brave,--type=renderer,--crashpad-handler-pid=82775,--enable-crash-reporter=1277b47a-c4fe-44ec-818a-86339476b9d1,,--origin-trial-public-key=bYUKPJoPnCxeNvu72j4EmPuK7tr1PAC7SHh8ld9Mw3E=,fMS4mpO6buLQ/QMd+zJmxzty/VQ6B1EUZqoCU04zoRU=,--change-stack-guard-on-fork=enable,--brave_session_token=5652442192855964522,--lang=en-US,--num-raster-threads=2,--enable-main-frame-before-activation,--renderer-client-id=12,--time-ticks-at-unix-epoch=-1683469627030002,--launch-time-ticks=32587107851,--shared-files=v8_context_snapshot_data:100,--field-trial-handle=0,i,17868745741873187594,841660748455472126,131072
henrique,83013,1.8,1.8,1185855264,146484,pts/0,Sl+,20:30,0:22,/usr/lib/brave-browser/brave,--type=renderer,--crashpad-handler-pid=82775,--enable-crash-reporter=1277b47a-c4fe-44ec-818a-86339476b9d1,,--origin-trial-public-key=bYUKPJoPnCxeNvu72j4EmPuK7tr1PAC7SHh8ld9Mw3E=,fMS4mpO6buLQ/QMd+zJmxzty/VQ6B1EUZqoCU04zoRU=,--change-stack-guard-on-fork=enable,--brave_session_token=5652442192855964522,--lang=en-US,--num-raster-threads=2,--enable-main-frame-before-activation,--renderer-client-id=11,--time-ticks-at-unix-epoch=-1683469627030002,--launch-time-ticks=32587114489,--shared-files=v8_context_snapshot_data:100,--field-trial-handle=0,i,17868745741873187594,841660748455472126,131072
henrique,83053,0.1,1.8,1187966820,149112,pts/0,Sl+,20:30,0:01,/usr/lib/brave-browser/brave,--type=renderer,--crashpad-handler-pid=82775,--enable-crash-reporter=1277b47a-c4fe-44ec-818a-86339476b9d1,,--origin-trial-public-key=bYUKPJoPnCxeNvu72j4EmPuK7tr1PAC7SHh8ld9Mw3E=,fMS4mpO6buLQ/QMd+zJmxzty/VQ6B1EUZqoCU04zoRU=,--change-stack-guard-on-fork=enable,--brave_session_token=5652442192855964522,--lang=en-US,--num-raster-threads=2,--enable-main-frame-before-activation,--renderer-client-id=7,--time-ticks-at-unix-epoch=-1683469627030002,--launch-time-ticks=32588722857,--shared-files=v8_context_snapshot_data:100,--field-trial-handle=0,i,17868745741873187594,841660748455472126,131072
henrique,83104,0.0,1.6,1185857232,132524,pts/0,Sl+,20:30,0:01,/usr/lib/brave-browser/brave,--type=renderer,--crashpad-handler-pid=82775,--enable-crash-reporter=1277b47a-c4fe-44ec-818a-86339476b9d1,,--origin-trial-public-key=bYUKPJoPnCxeNvu72j4EmPuK7tr1PAC7SHh8ld9Mw3E=,fMS4mpO6buLQ/QMd+zJmxzty/VQ6B1EUZqoCU04zoRU=,--change-stack-guard-on-fork=enable,--brave_session_token=5652442192855964522,--lang=en-US,--num-raster-threads=2,--enable-main-frame-before-activation,--renderer-client-id=10,--time-ticks-at-unix-epoch=-1683469627030002,--launch-time-ticks=32590330852,--shared-files=v8_context_snapshot_data:100,--field-trial-handle=0,i,17868745741873187594,841660748455472126,131072
root,85745,0.1,0.0,0,0,?,I,20:34,0:01,[kworker/0:0-events]
root,88299,0.0,0.0,0,0,?,I,20:38,0:00,[kworker/1:3-events_freezable]
root,88347,0.0,0.0,0,0,?,I,20:38,0:00,[kworker/3:0-events]
root,88348,0.0,0.0,0,0,?,I,20:38,0:00,[kworker/2:2-events]
henrique,91140,7.8,3.8,1194313580,305368,pts/0,Sl+,20:42,0:36,/usr/lib/brave-browser/brave,--type=renderer,--crashpad-handler-pid=82775,--enable-crash-reporter=1277b47a-c4fe-44ec-818a-86339476b9d1,,--origin-trial-public-key=bYUKPJoPnCxeNvu72j4EmPuK7tr1PAC7SHh8ld9Mw3E=,fMS4mpO6buLQ/QMd+zJmxzty/VQ6B1EUZqoCU04zoRU=,--change-stack-guard-on-fork=enable,--brave_session_token=5652442192855964522,--lang=en-US,--num-raster-threads=2,--enable-main-frame-before-activation,--renderer-client-id=20,--time-ticks-at-unix-epoch=-1683469627030002,--launch-time-ticks=33295810457,--shared-files=v8_context_snapshot_data:100,--field-trial-handle=0,i,17868745741873187594,841660748455472126,131072
henrique,91161,1.4,2.2,1185853076,182492,pts/0,Sl+,20:42,0:06,/usr/lib/brave-browser/brave,--type=renderer,--crashpad-handler-pid=82775,--enable-crash-reporter=1277b47a-c4fe-44ec-818a-86339476b9d1,,--origin-trial-public-key=bYUKPJoPnCxeNvu72j4EmPuK7tr1PAC7SHh8ld9Mw3E=,fMS4mpO6buLQ/QMd+zJmxzty/VQ6B1EUZqoCU04zoRU=,--change-stack-guard-on-fork=enable,--brave_session_token=5652442192855964522,--lang=en-US,--num-raster-threads=2,--enable-main-frame-before-activation,--renderer-client-id=21,--time-ticks-at-unix-epoch=-1683469627030002,--launch-time-ticks=33296990811,--shared-files=v8_context_snapshot_data:100,--field-trial-handle=0,i,17868745741873187594,841660748455472126,131072
henrique,91204,0.0,1.0,34195980,87060,pts/0,Sl+,20:42,0:00,/usr/lib/brave-browser/brave,--type=utility,--utility-sub-type=audio.mojom.AudioService,--lang=en-US,--service-sandbox-type=none,--crashpad-handler-pid=82775,--enable-crash-reporter=1277b47a-c4fe-44ec-818a-86339476b9d1,,--change-stack-guard-on-fork=enable,--shared-files=v8_context_snapshot_data:100,--field-trial-handle=0,i,17868745741873187594,841660748455472126,131072
henrique,94203,0.9,2.1,1185867872,170416,pts/0,Sl+,20:46,0:01,/usr/lib/brave-browser/brave,--type=renderer,--crashpad-handler-pid=82775,--enable-crash-reporter=1277b47a-c4fe-44ec-818a-86339476b9d1,,--origin-trial-public-key=bYUKPJoPnCxeNvu72j4EmPuK7tr1PAC7SHh8ld9Mw3E=,fMS4mpO6buLQ/QMd+zJmxzty/VQ6B1EUZqoCU04zoRU=,--change-stack-guard-on-fork=enable,--brave_session_token=5652442192855964522,--lang=en-US,--num-raster-threads=2,--enable-main-frame-before-activation,--renderer-client-id=9,--time-ticks-at-unix-epoch=-1683469627030002,--launch-time-ticks=33556498650,--shared-files=v8_context_snapshot_data:100,--field-trial-handle=0,i,17868745741873187594,841660748455472126,131072
henrique,94238,8.8,2.7,1192189920,219048,pts/0,Sl+,20:46,0:17,/usr/lib/brave-browser/brave,--type=renderer,--crashpad-handler-pid=82775,--enable-crash-reporter=1277b47a-c4fe-44ec-818a-86339476b9d1,,--origin-trial-public-key=bYUKPJoPnCxeNvu72j4EmPuK7tr1PAC7SHh8ld9Mw3E=,fMS4mpO6buLQ/QMd+zJmxzty/VQ6B1EUZqoCU04zoRU=,--change-stack-guard-on-fork=enable,--brave_session_token=5652442192855964522,--lang=en-US,--num-raster-threads=2,--enable-main-frame-before-activation,--renderer-client-id=8,--time-ticks-at-unix-epoch=-1683469627030002,--launch-time-ticks=33558439218,--shared-files=v8_context_snapshot_data:100,--field-trial-handle=0,i,17868745741873187594,841660748455472126,131072
henrique,94285,0.0,1.2,1185841708,101052,pts/0,Sl+,20:46,0:00,/usr/lib/brave-browser/brave,--type=renderer,--crashpad-handler-pid=82775,--enable-crash-reporter=1277b47a-c4fe-44ec-818a-86339476b9d1,,--origin-trial-public-key=bYUKPJoPnCxeNvu72j4EmPuK7tr1PAC7SHh8ld9Mw3E=,fMS4mpO6buLQ/QMd+zJmxzty/VQ6B1EUZqoCU04zoRU=,--change-stack-guard-on-fork=enable,--brave_session_token=5652442192855964522,--lang=en-US,--num-raster-threads=2,--enable-main-frame-before-activation,--renderer-client-id=24,--time-ticks-at-unix-epoch=-1683469627030002,--launch-time-ticks=33560637204,--shared-files=v8_context_snapshot_data:100,--field-trial-handle=0,i,17868745741873187594,841660748455472126,131072
root,94336,0.3,0.0,0,0,?,D,20:46,0:00,[kworker/0:2+kec_query]
root,94383,0.0,0.0,0,0,?,I,20:46,0:00,[kworker/1:0-mm_percpu_wq]
henrique,95019,3.2,1.6,1185865184,134976,pts/0,Sl+,20:47,0:04,/usr/lib/brave-browser/brave,--type=renderer,--crashpad-handler-pid=82775,--enable-crash-reporter=1277b47a-c4fe-44ec-818a-86339476b9d1,,--origin-trial-public-key=bYUKPJoPnCxeNvu72j4EmPuK7tr1PAC7SHh8ld9Mw3E=,fMS4mpO6buLQ/QMd+zJmxzty/VQ6B1EUZqoCU04zoRU=,--change-stack-guard-on-fork=enable,--brave_session_token=5652442192855964522,--lang=en-US,--num-raster-threads=2,--enable-main-frame-before-activation,--renderer-client-id=30,--time-ticks-at-unix-epoch=-1683469627030002,--launch-time-ticks=33616124111,--shared-files=v8_context_snapshot_data:100,--field-trial-handle=0,i,17868745741873187594,841660748455472126,131072
henrique,95470,0.0,0.8,1185816864,67404,pts/0,Sl+,20:48,0:00,/usr/lib/brave-browser/brave,--type=renderer,--crashpad-handler-pid=82775,--enable-crash-reporter=1277b47a-c4fe-44ec-818a-86339476b9d1,,--origin-trial-public-key=bYUKPJoPnCxeNvu72j4EmPuK7tr1PAC7SHh8ld9Mw3E=,fMS4mpO6buLQ/QMd+zJmxzty/VQ6B1EUZqoCU04zoRU=,--change-stack-guard-on-fork=enable,--brave_session_token=5652442192855964522,--lang=en-US,--num-raster-threads=2,--enable-main-frame-before-activation,--renderer-client-id=31,--time-ticks-at-unix-epoch=-1683469627030002,--launch-time-ticks=33659105270,--shared-files=v8_context_snapshot_data:100,--field-trial-handle=0,i,17868745741873187594,841660748455472126,131072
henrique,96014,2.5,0.1,12824,9136,pts/2,Ss+,20:48,0:01,/usr/bin/zsh
henrique,96020,0.0,0.0,10440,4272,pts/2,S,20:48,0:00,/usr/bin/zsh
henrique,96028,0.0,0.0,11664,4708,pts/2,S,20:48,0:00,/usr/bin/zsh
henrique,96030,0.0,0.0,11648,3368,pts/2,S,20:48,0:00,/usr/bin/zsh
henrique,96031,0.0,0.0,596612,4428,pts/2,Sl,20:48,0:00,/usr/share/zsh-theme-powerlevel10k/gitstatus/usrbin/gitstatusd,-G,v1.5.4,-s,-1,-u,-1,-d,-1,-c,-1,-m,-1,-v,FATAL,-t,8
root,96121,0.0,0.0,0,0,?,I,20:48,0:00,[kworker/2:0-mm_percpu_wq]
root,96122,0.0,0.0,0,0,?,I,20:48,0:00,[kworker/2:3-mm_percpu_wq]
root,96140,0.1,0.0,0,0,?,I,20:49,0:00,[kworker/3:2-events]
root,96161,0.0,0.0,0,0,?,I,20:49,0:00,[kworker/3:3-events]
root,96162,0.0,0.0,0,0,?,I,20:49,0:00,[kworker/3:4-events]
root,96169,0.0,0.0,0,0,?,I,20:49,0:00,[kworker/0:3-events]
root,96377,0.0,0.0,0,0,?,I,20:49,0:00,[kworker/1:2-events]
henrique,96782,0.0,0.0,7504,3816,?,S,20:49,0:00,/bin/bash,/opt/visual-studio-code/resources/app/out/vs/base/node/cpuUsage.sh,49901,82741
henrique,96786,0.0,0.0,5488,820,?,S,20:49,0:00,sleep,1
henrique,96789,0.0,0.0,7508,3704,pts/0,S+,20:49,0:00,sh,./shellScripts/processList.sh
henrique,96790,0.0,0.0,11488,4004,pts/0,R+,20:49,0:00,ps,-aux
henrique,96791,0.0,0.0,6768,2800,pts/0,S+,20:49,0:00,less
